-- ============================================================
-- Revold — Seed Data
-- Données démo réalistes pour développement
-- ============================================================

-- 1. Organisation démo
INSERT INTO organizations (id, name, slug, plan) VALUES
  ('a0000000-0000-0000-0000-000000000001', 'NovaTech SAS', 'novatech', 'pro');

-- 2. Pipeline stages
INSERT INTO pipeline_stages (id, organization_id, name, position, probability, is_closed_won, is_closed_lost) VALUES
  ('b0000000-0000-0000-0000-000000000001', 'a0000000-0000-0000-0000-000000000001', 'Découverte',     1, 10,  false, false),
  ('b0000000-0000-0000-0000-000000000002', 'a0000000-0000-0000-0000-000000000001', 'Qualification',  2, 25,  false, false),
  ('b0000000-0000-0000-0000-000000000003', 'a0000000-0000-0000-0000-000000000001', 'Proposition',    3, 50,  false, false),
  ('b0000000-0000-0000-0000-000000000004', 'a0000000-0000-0000-0000-000000000001', 'Négociation',    4, 75,  false, false),
  ('b0000000-0000-0000-0000-000000000005', 'a0000000-0000-0000-0000-000000000001', 'Gagné',          5, 100, true,  false),
  ('b0000000-0000-0000-0000-000000000006', 'a0000000-0000-0000-0000-000000000001', 'Perdu',          6, 0,   false, true);

-- 3. Companies
INSERT INTO companies (id, organization_id, name, domain, segment, industry, annual_revenue, employee_count) VALUES
  ('c0000000-0000-0000-0000-000000000001', 'a0000000-0000-0000-0000-000000000001', 'Qonto',           'qonto.com',          'Mid-Market',  'Fintech',    45000000, 1200),
  ('c0000000-0000-0000-0000-000000000002', 'a0000000-0000-0000-0000-000000000001', 'Payfit',          'payfit.com',          'Mid-Market',  'HR Tech',    38000000, 950),
  ('c0000000-0000-0000-0000-000000000003', 'a0000000-0000-0000-0000-000000000001', 'Alan',            'alan.com',            'Enterprise',  'Insurtech',  80000000, 600),
  ('c0000000-0000-0000-0000-000000000004', 'a0000000-0000-0000-0000-000000000001', 'Spendesk',        'spendesk.com',        'Mid-Market',  'Fintech',    25000000, 400),
  ('c0000000-0000-0000-0000-000000000005', 'a0000000-0000-0000-0000-000000000001', 'Pennylane',       'pennylane.com',       'SMB',         'Fintech',    12000000, 250),
  ('c0000000-0000-0000-0000-000000000006', 'a0000000-0000-0000-0000-000000000001', 'Swile',           'swile.co',            'Mid-Market',  'HR Tech',    30000000, 500),
  ('c0000000-0000-0000-0000-000000000007', 'a0000000-0000-0000-0000-000000000001', 'Doctolib',        'doctolib.fr',         'Enterprise',  'Health Tech', 150000000, 2800),
  ('c0000000-0000-0000-0000-000000000008', 'a0000000-0000-0000-0000-000000000001', 'Algolia',         'algolia.com',         'Enterprise',  'SaaS',       90000000, 700),
  ('c0000000-0000-0000-0000-000000000009', 'a0000000-0000-0000-0000-000000000001', 'Front',           'front.com',           'Mid-Market',  'SaaS',       20000000, 350),
  ('c0000000-0000-0000-0000-000000000010', 'a0000000-0000-0000-0000-000000000001', 'Aircall',         'aircall.io',          'SMB',         'SaaS',       15000000, 300);

-- 4. Contacts
INSERT INTO contacts (id, organization_id, company_id, email, full_name, title, is_mql, is_sql) VALUES
  ('d0000000-0000-0000-0000-000000000001', 'a0000000-0000-0000-0000-000000000001', 'c0000000-0000-0000-0000-000000000001', 'alexandre.prot@qonto.com',       'Alexandre Prot',     'CEO',              true,  true),
  ('d0000000-0000-0000-0000-000000000002', 'a0000000-0000-0000-0000-000000000001', 'c0000000-0000-0000-0000-000000000001', 'marie.leblanc@qonto.com',        'Marie Leblanc',      'VP Sales',         true,  true),
  ('d0000000-0000-0000-0000-000000000003', 'a0000000-0000-0000-0000-000000000001', 'c0000000-0000-0000-0000-000000000002', 'firmin.zocchetto@payfit.com',    'Firmin Zocchetto',   'CEO',              true,  true),
  ('d0000000-0000-0000-0000-000000000004', 'a0000000-0000-0000-0000-000000000001', 'c0000000-0000-0000-0000-000000000003', 'jean-charles.samuelian@alan.com','Jean-Charles Samuelian', 'CEO',          true,  true),
  ('d0000000-0000-0000-0000-000000000005', 'a0000000-0000-0000-0000-000000000001', 'c0000000-0000-0000-0000-000000000004', 'rodolphe.ardant@spendesk.com',   'Rodolphe Ardant',    'CEO',              true,  true),
  ('d0000000-0000-0000-0000-000000000006', 'a0000000-0000-0000-0000-000000000001', 'c0000000-0000-0000-0000-000000000005', 'arthur.waller@pennylane.com',    'Arthur Waller',      'CEO',              true,  false),
  ('d0000000-0000-0000-0000-000000000007', 'a0000000-0000-0000-0000-000000000001', 'c0000000-0000-0000-0000-000000000006', 'loic.soubeyrand@swile.co',       'Loïc Soubeyrand',    'CEO',              true,  true),
  ('d0000000-0000-0000-0000-000000000008', 'a0000000-0000-0000-0000-000000000001', 'c0000000-0000-0000-0000-000000000007', 'stanislas.niox-chateau@doctolib.fr','Stanislas Niox-Chateau','CEO',        true,  true),
  ('d0000000-0000-0000-0000-000000000009', 'a0000000-0000-0000-0000-000000000001', 'c0000000-0000-0000-0000-000000000008', 'nicolas.dessaigne@algolia.com',  'Nicolas Dessaigne',  'CEO',              false, false),
  ('d0000000-0000-0000-0000-000000000010', 'a0000000-0000-0000-0000-000000000001', 'c0000000-0000-0000-0000-000000000008', 'sophie.martin@algolia.com',      'Sophie Martin',      'Head of Revenue',  true,  true),
  ('d0000000-0000-0000-0000-000000000011', 'a0000000-0000-0000-0000-000000000001', 'c0000000-0000-0000-0000-000000000009', 'mathilde.collin@front.com',      'Mathilde Collin',    'CEO',              true,  true),
  ('d0000000-0000-0000-0000-000000000012', 'a0000000-0000-0000-0000-000000000001', 'c0000000-0000-0000-0000-000000000009', 'paul.dupont@front.com',          'Paul Dupont',        'CRO',              true,  true),
  ('d0000000-0000-0000-0000-000000000013', 'a0000000-0000-0000-0000-000000000001', 'c0000000-0000-0000-0000-000000000010', 'olivier.pailhes@aircall.io',     'Olivier Pailhes',    'CEO',              true,  false),
  ('d0000000-0000-0000-0000-000000000014', 'a0000000-0000-0000-0000-000000000001', 'c0000000-0000-0000-0000-000000000005', 'julie.moreau@pennylane.com',     'Julie Moreau',       'VP Revenue Ops',   true,  true),
  ('d0000000-0000-0000-0000-000000000015', 'a0000000-0000-0000-0000-000000000001', 'c0000000-0000-0000-0000-000000000006', 'thomas.bernard@swile.co',        'Thomas Bernard',     'Head of Sales',    true,  true);

-- 5. Deals (mix of stages, amounts, risk levels)
INSERT INTO deals (id, organization_id, company_id, stage_id, name, amount, close_date, created_date, days_in_stage, last_activity_at, is_at_risk, risk_reasons, win_probability) VALUES
  -- Découverte
  ('e0000000-0000-0000-0000-000000000001', 'a0000000-0000-0000-0000-000000000001', 'c0000000-0000-0000-0000-000000000009', 'b0000000-0000-0000-0000-000000000001', 'Front — Licence Enterprise',        45000,  '2026-06-30', '2026-03-20', 5,  '2026-04-04', false, '[]', 0.10),
  ('e0000000-0000-0000-0000-000000000002', 'a0000000-0000-0000-0000-000000000001', 'c0000000-0000-0000-0000-000000000010', 'b0000000-0000-0000-0000-000000000001', 'Aircall — Module Analytics',         18000,  '2026-07-15', '2026-03-28', 3,  '2026-04-05', false, '[]', 0.08),
  -- Qualification
  ('e0000000-0000-0000-0000-000000000003', 'a0000000-0000-0000-0000-000000000001', 'c0000000-0000-0000-0000-000000000001', 'b0000000-0000-0000-0000-000000000002', 'Qonto — Plateforme RevOps',          120000, '2026-05-31', '2026-02-15', 12, '2026-04-02', false, '[]', 0.30),
  ('e0000000-0000-0000-0000-000000000004', 'a0000000-0000-0000-0000-000000000001', 'c0000000-0000-0000-0000-000000000006', 'b0000000-0000-0000-0000-000000000002', 'Swile — Dashboard Sales',            55000,  '2026-06-15', '2026-03-01', 8,  '2026-04-06', false, '[]', 0.28),
  ('e0000000-0000-0000-0000-000000000005', 'a0000000-0000-0000-0000-000000000001', 'c0000000-0000-0000-0000-000000000005', 'b0000000-0000-0000-0000-000000000002', 'Pennylane — Pipeline Intelligence',  32000,  '2026-06-30', '2026-03-10', 15, '2026-03-22', true,  '["Inactivité >14 jours","Contact principal ne répond plus"]', 0.15),
  -- Proposition
  ('e0000000-0000-0000-0000-000000000006', 'a0000000-0000-0000-0000-000000000001', 'c0000000-0000-0000-0000-000000000002', 'b0000000-0000-0000-0000-000000000003', 'Payfit — Suite complète Revold',     85000,  '2026-05-15', '2026-01-20', 6,  '2026-04-05', false, '[]', 0.55),
  ('e0000000-0000-0000-0000-000000000007', 'a0000000-0000-0000-0000-000000000001', 'c0000000-0000-0000-0000-000000000004', 'b0000000-0000-0000-0000-000000000003', 'Spendesk — Forecasting Module',     62000,  '2026-05-30', '2026-02-01', 10, '2026-04-01', false, '[]', 0.48),
  ('e0000000-0000-0000-0000-000000000008', 'a0000000-0000-0000-0000-000000000001', 'c0000000-0000-0000-0000-000000000008', 'b0000000-0000-0000-0000-000000000003', 'Algolia — Revenue Analytics',        150000, '2026-05-20', '2026-01-10', 4,  '2026-04-06', false, '[]', 0.52),
  -- Négociation
  ('e0000000-0000-0000-0000-000000000009', 'a0000000-0000-0000-0000-000000000001', 'c0000000-0000-0000-0000-000000000003', 'b0000000-0000-0000-0000-000000000004', 'Alan — Plateforme Enterprise',       200000, '2026-04-30', '2026-01-05', 7,  '2026-04-06', false, '[]', 0.78),
  ('e0000000-0000-0000-0000-000000000010', 'a0000000-0000-0000-0000-000000000001', 'c0000000-0000-0000-0000-000000000007', 'b0000000-0000-0000-0000-000000000004', 'Doctolib — Pilot RevOps',            180000, '2026-04-25', '2025-12-15', 14, '2026-03-25', true,  '["Cycle de vente dépassé de 20 jours","Pas de meeting depuis 12 jours"]', 0.60),
  -- Gagné
  ('e0000000-0000-0000-0000-000000000011', 'a0000000-0000-0000-0000-000000000001', 'c0000000-0000-0000-0000-000000000001', 'b0000000-0000-0000-0000-000000000005', 'Qonto — Phase 1 Analytics',          75000,  '2026-03-15', '2025-11-01', 0,  '2026-03-15', false, '[]', 1.00),
  ('e0000000-0000-0000-0000-000000000012', 'a0000000-0000-0000-0000-000000000001', 'c0000000-0000-0000-0000-000000000002', 'b0000000-0000-0000-0000-000000000005', 'Payfit — Module Dashboard',           40000,  '2026-02-28', '2025-10-15', 0,  '2026-02-28', false, '[]', 1.00),
  ('e0000000-0000-0000-0000-000000000013', 'a0000000-0000-0000-0000-000000000001', 'c0000000-0000-0000-0000-000000000006', 'b0000000-0000-0000-0000-000000000005', 'Swile — Scoring CRM',                28000,  '2026-03-01', '2025-12-01', 0,  '2026-03-01', false, '[]', 1.00),
  -- Perdu
  ('e0000000-0000-0000-0000-000000000014', 'a0000000-0000-0000-0000-000000000001', 'c0000000-0000-0000-0000-000000000010', 'b0000000-0000-0000-0000-000000000006', 'Aircall — Revold Starter',           22000,  '2026-03-10', '2025-11-20', 0,  '2026-03-10', false, '[]', 0.00),
  ('e0000000-0000-0000-0000-000000000015', 'a0000000-0000-0000-0000-000000000001', 'c0000000-0000-0000-0000-000000000009', 'b0000000-0000-0000-0000-000000000006', 'Front — POC initial',                35000,  '2026-02-15', '2025-10-01', 0,  '2026-02-15', false, '[]', 0.00),
  -- More active deals at risk
  ('e0000000-0000-0000-0000-000000000016', 'a0000000-0000-0000-0000-000000000001', 'c0000000-0000-0000-0000-000000000004', 'b0000000-0000-0000-0000-000000000003', 'Spendesk — Upsell Dashboard Pro',   48000,  '2026-05-10', '2026-02-10', 22, '2026-03-18', true,  '["Inactivité >14 jours","Budget gelé en interne"]', 0.30),
  ('e0000000-0000-0000-0000-000000000017', 'a0000000-0000-0000-0000-000000000001', 'c0000000-0000-0000-0000-000000000005', 'b0000000-0000-0000-0000-000000000004', 'Pennylane — Contrat annuel',         60000,  '2026-04-20', '2025-12-20', 18, '2026-03-20', true,  '["Close date dépassée","Champion a quitté l''entreprise"]', 0.35),
  ('e0000000-0000-0000-0000-000000000018', 'a0000000-0000-0000-0000-000000000001', 'c0000000-0000-0000-0000-000000000008', 'b0000000-0000-0000-0000-000000000002', 'Algolia — Extension API',            95000,  '2026-06-01', '2026-03-05', 20, '2026-03-15', true,  '["Inactivité >21 jours","Concurrent identifié (Clari)"]', 0.18);

-- 6. Activities
INSERT INTO activities (organization_id, deal_id, contact_id, type, subject, occurred_at, duration_minutes) VALUES
  -- Qonto RevOps
  ('a0000000-0000-0000-0000-000000000001', 'e0000000-0000-0000-0000-000000000003', 'd0000000-0000-0000-0000-000000000001', 'meeting',  'Kickoff discovery call',                 '2026-02-18 10:00:00+01', 45),
  ('a0000000-0000-0000-0000-000000000001', 'e0000000-0000-0000-0000-000000000003', 'd0000000-0000-0000-0000-000000000002', 'email',    'Envoi présentation RevOps',              '2026-02-20 14:00:00+01', NULL),
  ('a0000000-0000-0000-0000-000000000001', 'e0000000-0000-0000-0000-000000000003', 'd0000000-0000-0000-0000-000000000001', 'call',     'Follow-up qualification',                '2026-03-05 11:00:00+01', 30),
  ('a0000000-0000-0000-0000-000000000001', 'e0000000-0000-0000-0000-000000000003', 'd0000000-0000-0000-0000-000000000002', 'meeting',  'Démo technique avec VP Sales',           '2026-03-20 15:00:00+01', 60),
  ('a0000000-0000-0000-0000-000000000001', 'e0000000-0000-0000-0000-000000000003', 'd0000000-0000-0000-0000-000000000001', 'email',    'Proposition commerciale envoyée',        '2026-04-02 09:00:00+01', NULL),
  -- Payfit Suite
  ('a0000000-0000-0000-0000-000000000001', 'e0000000-0000-0000-0000-000000000006', 'd0000000-0000-0000-0000-000000000003', 'meeting',  'Discovery CEO Payfit',                   '2026-01-25 10:00:00+01', 45),
  ('a0000000-0000-0000-0000-000000000001', 'e0000000-0000-0000-0000-000000000006', 'd0000000-0000-0000-0000-000000000003', 'email',    'ROI study envoyée',                      '2026-02-10 16:00:00+01', NULL),
  ('a0000000-0000-0000-0000-000000000001', 'e0000000-0000-0000-0000-000000000006', 'd0000000-0000-0000-0000-000000000003', 'meeting',  'Démo avec équipe Sales Payfit',          '2026-03-01 14:00:00+01', 90),
  ('a0000000-0000-0000-0000-000000000001', 'e0000000-0000-0000-0000-000000000006', 'd0000000-0000-0000-0000-000000000003', 'call',     'Négociation pricing',                    '2026-03-25 11:00:00+01', 30),
  ('a0000000-0000-0000-0000-000000000001', 'e0000000-0000-0000-0000-000000000006', 'd0000000-0000-0000-0000-000000000003', 'email',    'Proposition révisée',                    '2026-04-05 08:30:00+01', NULL),
  -- Alan Enterprise
  ('a0000000-0000-0000-0000-000000000001', 'e0000000-0000-0000-0000-000000000009', 'd0000000-0000-0000-0000-000000000004', 'meeting',  'Workshop besoins RevOps Alan',           '2026-01-15 10:00:00+01', 120),
  ('a0000000-0000-0000-0000-000000000001', 'e0000000-0000-0000-0000-000000000009', 'd0000000-0000-0000-0000-000000000004', 'meeting',  'POC setup avec équipe data',             '2026-02-10 14:00:00+01', 90),
  ('a0000000-0000-0000-0000-000000000001', 'e0000000-0000-0000-0000-000000000009', 'd0000000-0000-0000-0000-000000000004', 'call',     'Review résultats POC',                   '2026-03-10 11:00:00+01', 45),
  ('a0000000-0000-0000-0000-000000000001', 'e0000000-0000-0000-0000-000000000009', 'd0000000-0000-0000-0000-000000000004', 'meeting',  'Négociation contrat Enterprise',         '2026-04-01 10:00:00+01', 60),
  ('a0000000-0000-0000-0000-000000000001', 'e0000000-0000-0000-0000-000000000009', 'd0000000-0000-0000-0000-000000000004', 'email',    'Contrat final envoyé pour signature',    '2026-04-06 15:00:00+01', NULL),
  -- Doctolib (at risk)
  ('a0000000-0000-0000-0000-000000000001', 'e0000000-0000-0000-0000-000000000010', 'd0000000-0000-0000-0000-000000000008', 'meeting',  'Discovery Doctolib',                     '2026-01-10 10:00:00+01', 60),
  ('a0000000-0000-0000-0000-000000000001', 'e0000000-0000-0000-0000-000000000010', 'd0000000-0000-0000-0000-000000000008', 'meeting',  'Démo plateforme',                        '2026-02-05 14:00:00+01', 90),
  ('a0000000-0000-0000-0000-000000000001', 'e0000000-0000-0000-0000-000000000010', 'd0000000-0000-0000-0000-000000000008', 'call',     'Relance — pas de réponse',               '2026-03-25 09:00:00+01', 5),
  -- Algolia Revenue Analytics
  ('a0000000-0000-0000-0000-000000000001', 'e0000000-0000-0000-0000-000000000008', 'd0000000-0000-0000-0000-000000000010', 'meeting',  'Kickoff Algolia Revenue Analytics',      '2026-01-20 10:00:00+01', 60),
  ('a0000000-0000-0000-0000-000000000001', 'e0000000-0000-0000-0000-000000000008', 'd0000000-0000-0000-0000-000000000010', 'email',    'Envoi cas d''usage détaillés',           '2026-02-05 11:00:00+01', NULL),
  ('a0000000-0000-0000-0000-000000000001', 'e0000000-0000-0000-0000-000000000008', 'd0000000-0000-0000-0000-000000000010', 'meeting',  'Démo avec Head of Revenue',              '2026-03-01 15:00:00+01', 75),
  ('a0000000-0000-0000-0000-000000000001', 'e0000000-0000-0000-0000-000000000008', 'd0000000-0000-0000-0000-000000000010', 'call',     'Alignement budget Q2',                   '2026-03-20 10:00:00+01', 25),
  ('a0000000-0000-0000-0000-000000000001', 'e0000000-0000-0000-0000-000000000008', 'd0000000-0000-0000-0000-000000000010', 'email',    'Proposition commerciale €150K',          '2026-04-06 14:00:00+01', NULL),
  -- Pennylane at risk
  ('a0000000-0000-0000-0000-000000000001', 'e0000000-0000-0000-0000-000000000005', 'd0000000-0000-0000-0000-000000000006', 'meeting',  'Discovery Pennylane',                    '2026-03-12 10:00:00+01', 45),
  ('a0000000-0000-0000-0000-000000000001', 'e0000000-0000-0000-0000-000000000005', 'd0000000-0000-0000-0000-000000000014', 'email',    'Suivi post-discovery',                   '2026-03-15 14:00:00+01', NULL),
  ('a0000000-0000-0000-0000-000000000001', 'e0000000-0000-0000-0000-000000000005', 'd0000000-0000-0000-0000-000000000006', 'call',     'Relance — messagerie',                   '2026-03-22 11:00:00+01', 2),
  -- Misc activities
  ('a0000000-0000-0000-0000-000000000001', 'e0000000-0000-0000-0000-000000000004', 'd0000000-0000-0000-0000-000000000007', 'meeting',  'Discovery Swile Dashboard',              '2026-03-10 10:00:00+01', 45),
  ('a0000000-0000-0000-0000-000000000001', 'e0000000-0000-0000-0000-000000000004', 'd0000000-0000-0000-0000-000000000015', 'email',    'Benchmark concurrentiel envoyé',         '2026-03-25 16:00:00+01', NULL),
  ('a0000000-0000-0000-0000-000000000001', 'e0000000-0000-0000-0000-000000000004', 'd0000000-0000-0000-0000-000000000007', 'call',     'Qualification budget',                   '2026-04-06 11:00:00+01', 20),
  ('a0000000-0000-0000-0000-000000000001', 'e0000000-0000-0000-0000-000000000001', 'd0000000-0000-0000-0000-000000000011', 'meeting',  'Intro call Front',                       '2026-03-25 10:00:00+01', 30),
  ('a0000000-0000-0000-0000-000000000001', 'e0000000-0000-0000-0000-000000000001', 'd0000000-0000-0000-0000-000000000012', 'email',    'Envoi one-pager Revold',                 '2026-04-04 09:00:00+01', NULL),
  ('a0000000-0000-0000-0000-000000000001', 'e0000000-0000-0000-0000-000000000007', 'd0000000-0000-0000-0000-000000000005', 'meeting',  'Démo forecasting Spendesk',              '2026-03-15 14:00:00+01', 60),
  ('a0000000-0000-0000-0000-000000000001', 'e0000000-0000-0000-0000-000000000007', 'd0000000-0000-0000-0000-000000000005', 'email',    'Comparatif Revold vs Clari',             '2026-04-01 10:00:00+01', NULL);

-- 7. KPI Snapshots (7 derniers jours)
INSERT INTO kpi_snapshots (organization_id, snapshot_date, closing_rate, pipeline_coverage, sales_cycle_days, weighted_forecast, mql_to_sql_rate, inactive_deals_pct, data_completeness, deal_velocity, sales_score, marketing_score, crm_ops_score) VALUES
  ('a0000000-0000-0000-0000-000000000001', '2026-04-01', 26.8, 1.9, 49, 1720000, 20.5, 36, 84, 11200, 72, 65, 80),
  ('a0000000-0000-0000-0000-000000000001', '2026-04-02', 27.1, 2.0, 48, 1760000, 21.0, 35, 85, 11600, 73, 66, 81),
  ('a0000000-0000-0000-0000-000000000001', '2026-04-03', 27.5, 2.0, 48, 1780000, 21.3, 35, 85, 11900, 74, 66, 82),
  ('a0000000-0000-0000-0000-000000000001', '2026-04-04', 27.8, 2.1, 47, 1800000, 21.5, 35, 86, 12100, 75, 67, 82),
  ('a0000000-0000-0000-0000-000000000001', '2026-04-05', 28.0, 2.1, 47, 1820000, 21.8, 34, 86, 12200, 75, 67, 83),
  ('a0000000-0000-0000-0000-000000000001', '2026-04-06', 28.2, 2.1, 47, 1830000, 22.0, 34, 87, 12300, 76, 68, 83),
  ('a0000000-0000-0000-0000-000000000001', '2026-04-07', 28.4, 2.1, 47, 1840000, 22.1, 34, 87, 12400, 76, 68, 83);

-- 8. AI Insights
INSERT INTO ai_insights (organization_id, deal_id, category, severity, title, body, recommendation) VALUES
  ('a0000000-0000-0000-0000-000000000001', NULL, 'pipeline', 'warning',
    'Le ralentissement du pipeline vient principalement des deals Mid-Market',
    'Les deals Mid-Market représentent 60% du pipeline actif mais leur vélocité a chuté de 18% sur les 30 derniers jours. Le cycle moyen est passé de 42 à 51 jours.',
    'Renforcer les relances entre J+14 et J+21 pour améliorer la vélocité et réduire les deals inactifs de 5 à 8 points.'),
  ('a0000000-0000-0000-0000-000000000001', 'e0000000-0000-0000-0000-000000000010', 'deal_risk', 'critical',
    'Doctolib — Risque élevé de perte',
    'Aucun meeting depuis 12 jours. Le cycle de vente dépasse la moyenne de 20 jours. Le deal est en négociation depuis plus de 3 semaines sans avancée.',
    'Organiser un meeting de recadrage avec le sponsor exécutif. Proposer un incentive de closing (remise early-bird ou POC étendu).'),
  ('a0000000-0000-0000-0000-000000000001', 'e0000000-0000-0000-0000-000000000017', 'deal_risk', 'critical',
    'Pennylane Contrat annuel — Champion perdu',
    'Le champion identifié (Arthur Waller) a quitté l''entreprise. La close date est dépassée. Aucune activité depuis 18 jours.',
    'Identifier un nouveau champion chez Pennylane via le contact VP Revenue Ops (Julie Moreau). Reprendre le cycle depuis la qualification.'),
  ('a0000000-0000-0000-0000-000000000001', NULL, 'forecast', 'info',
    'Prévision Q2 : €1.84M pondéré, objectif atteignable',
    'La prévision pondérée est à €1.84M avec un objectif Q2 de €2M. Les deals Alan (€200K, 78% proba) et Algolia (€150K, 52% proba) sont les deux plus gros contributeurs.',
    'Concentrer les efforts sur le closing d''Alan et l''accélération d''Algolia pour sécuriser l''objectif Q2.'),
  ('a0000000-0000-0000-0000-000000000001', NULL, 'coaching', 'info',
    'Taux MQL→SQL en hausse : +1.6pts sur 7 jours',
    'Le taux de conversion MQL vers SQL est passé de 20.5% à 22.1% cette semaine, porté par une meilleure qualification des leads entrants.',
    'Documenter le processus de qualification actuel comme best practice et le partager avec l''ensemble de l''équipe.');
